epoch,lr,train_loss,train_acc,val_loss,val_acc
1,0.05,1.3086743672264947,0.5235555555555556,1.2447219440460204,0.5928
2,0.05,0.8753273644659254,0.6874222222222223,0.8787718030929565,0.693
3,0.05,0.690046816529168,0.7602,1.3178388553142548,0.5942
4,0.05,0.5803049823549059,0.7968888888888889,0.9893692825317383,0.6688
5,0.05,0.4918999985906813,0.8298666666666666,0.6975005850791931,0.7572
6,0.05,0.43516021473672656,0.8491777777777778,0.6677564921975135,0.7778
7,0.05,0.37638668179512025,0.8696222222222222,0.5871015648841857,0.808
8,0.05,0.32510603550804984,0.8863777777777778,0.6312027701616287,0.797
9,0.05,0.27674101099967957,0.9033555555555556,0.7938923477649689,0.7732
10,0.05,0.2332725401772393,0.9194222222222223,0.7655523848712444,0.7688
11,0.05,0.1969007547484504,0.9298,0.8406166693985462,0.7702
12,0.05,0.17212882532808516,0.9401555555555555,0.681246645629406,0.803
13,0.05,0.13038601179652745,0.9554666666666667,0.7629012639045716,0.7894
14,0.05,0.11268534847100575,0.9616666666666667,0.7311911823272705,0.7968
15,0.05,0.08342740671899583,0.9719333333333333,0.9758030519485473,0.7824
16,0.05,0.06803615017731984,0.9773333333333334,0.7516171784177422,0.8168
17,0.05,0.05267750447326236,0.9839333333333333,0.7869176032543183,0.8078
18,0.05,0.04649529065555996,0.9853333333333333,0.6988236643791199,0.824
19,0.05,0.0351464400794771,0.99,0.8689579989910126,0.8106
20,0.05,0.03352538531223933,0.9896444444444444,0.8042336108099669,0.822
21,0.05,0.032193411294619244,0.9898222222222223,0.8393272589206695,0.818
22,0.05,0.03610005836089452,0.9887333333333334,0.9123207686424255,0.8036
23,0.05,0.022558810439043574,0.9937777777777778,0.7713693276252598,0.8346
24,0.05,0.017792220692502126,0.9952888888888889,0.8576718132376671,0.8254
25,0.05,0.008706902069515653,0.9982222222222222,0.7531915613282472,0.8474
26,0.05,0.003661351728108194,0.9997333333333334,0.7392248486995697,0.8474
27,0.05,0.0023935250755813386,0.9999111111111111,0.7177198895454406,0.85
28,0.05,0.0012350562892647252,0.9999777777777777,0.7228420627236366,0.85
29,0.05,0.0009617605556423466,0.9999777777777777,0.7352123907342553,0.8528
30,0.05,0.0009024473310137788,0.9999777777777777,0.7379492114678026,0.854
