epoch,train_loss,train_acc,val_loss,val_acc
1,2.0829609791437784,0.2325,2.2979210503896077,0.14333333333333334
2,1.7116627804438274,0.3333333333333333,1.9996590344111125,0.26666666666666666
3,1.6723766247431437,0.3775,2.7565485445658364,0.31333333333333335
4,1.5008368253707887,0.4116666666666667,1.7839369265238445,0.36666666666666664
5,1.3294888877868651,0.49916666666666665,1.8336524931589762,0.35333333333333333
6,1.2104543733596802,0.5233333333333333,1.7579150676727295,0.42
7,1.116679592927297,0.5675,2.2401030254364014,0.3466666666666667
8,1.08285049756368,0.5983333333333334,1.727554629643758,0.48
9,0.905236325263977,0.6666666666666666,1.54154350121816,0.47
10,0.7483545279502869,0.74,2.222430806159973,0.49
11,0.6996197358767191,0.7608333333333334,1.5693672513961792,0.53
12,0.632903090318044,0.7658333333333334,2.3826040267944335,0.45
13,0.5381140844027201,0.8125,2.2975518401463826,0.4666666666666667
14,0.40656211535135905,0.8733333333333333,1.6849329662322998,0.52
15,0.32436946988105775,0.8991666666666667,1.6142353439331054,0.5233333333333333
16,0.2956873834133148,0.9108333333333334,0.9765131123860677,0.66
17,0.24173599461714426,0.9291666666666667,1.154314623673757,0.64
18,0.1947681039571762,0.94,1.15070729414622,0.6966666666666667
19,0.18134302298227947,0.9441666666666667,1.0475466299057006,0.63
20,0.12430262476205826,0.9683333333333334,1.0176637363433838,0.7166666666666667
21,0.1284055856366952,0.9633333333333334,0.7663383571306864,0.74
22,0.11063815891742707,0.9708333333333333,1.0133826688925425,0.7166666666666667
23,0.11037417054176331,0.9658333333333333,1.0972977463404339,0.7066666666666667
24,0.08623003482818603,0.9733333333333334,0.6423942867914836,0.7966666666666666
25,0.06675742184122403,0.9883333333333333,0.6054988765716552,0.8033333333333333
26,0.05996871680021286,0.9891666666666666,0.8841618808110555,0.73
27,0.04653123517831167,0.99,0.8961660154660542,0.77
28,0.04613455886642138,0.9883333333333333,0.7530283753077189,0.7766666666666666
29,0.036898592313130696,0.995,0.8792267616589864,0.78
30,0.02284361336380243,0.9975,0.6913626877466837,0.78
